subclass,support,router_f1,stacker_f1,mean_delta,improved_seeds
ACC,72,0.8834829392079637,0.8865464497376777,0.0030635105297139122,2
BLCA,104,0.4233696776689247,0.4577714266155531,0.03440174894662842,3
BRCA,786,0.5179962974565967,0.5343985999353231,0.0164023024787265,3
CESC,155,0.23411047041979668,0.29654885749879223,0.06243838707899558,3
COAD,223,0.6886354490054041,0.7287811891989723,0.04014574019356824,3
DLBC,38,0.48109857459228705,0.3430848214622517,-0.1380137531300353,0
GBMLGG,461,0.5309470915706481,0.6133350550508956,0.08238796348024742,3
HNSC,223,0.30482978934250954,0.2917181771368327,-0.01311161220567684,1
KIPAN,515,0.5087772305972308,0.6418526531623778,0.133075422565147,3
KIRC,334,0.5655418215300895,0.7477956119419753,0.1822537904118859,3
LAML,158,0.5821538773412104,0.57269099965893,-0.009462877682280343,1
LGG,229,0.5939915574222562,0.7382445896088546,0.14425303218659855,3
LIHC,158,0.3139928698752228,0.3175404459350311,0.003547576059808303,2
LUAD,184,0.3485359014954546,0.40128982610501795,0.05275392460956333,3
LUSC,178,0.44391720200164286,0.5297911294536267,0.08587392745198386,3
OV,253,0.37076365005819745,0.35448853577658385,-0.01627511428161364,0
PAAD,120,0.24752686230423623,0.28851858713204265,0.04099172482780641,3
PCPG,147,0.31540311460327763,0.29659643281920395,-0.01880668178407365,0
PRAD,266,0.32946653213102434,0.32213782297272936,-0.007328709158294977,1
SARC,198,0.19441929241178113,0.21285100558356373,0.018431713171782587,2
SKCM,276,0.7929949976517472,0.8665128730918205,0.07351787544007331,3
STES,379,0.4211366857193352,0.49145997540152364,0.07032328968218841,3
TGCT,124,0.4400979336019906,0.48293788153133527,0.04283994792934467,3
THCA,324,0.6744048587107322,0.7020982586229985,0.02769339991226642,3
THYM,98,0.3087964838486517,0.27933695727813374,-0.02945952657051798,0
UCEC,198,0.6280150052219877,0.6650554522221559,0.0370404470001681,3
