seed,fold,baseline,router,stacker,delta_vs_base,delta_vs_router
19,1,0.4585797473292053,0.48582943814644663,0.5177623418066835,0.059182594477478145,0.03193290366023682
19,2,0.4441160947176464,0.46842165292290283,0.4985454383554599,0.05442934363781349,0.03012378543255706
19,3,0.4335504662616513,0.4605734410757906,0.4967075987123137,0.0631571324506624,0.03613415763652306
19,4,0.4135572289599546,0.4352285046197955,0.5003251853618688,0.08676795640191415,0.06509668074207325
19,5,0.43785548699196464,0.468921814830481,0.5015443021515189,0.06368881515955427,0.032622487321037896
193,1,0.4092941011811243,0.438467992916507,0.5086382141044579,0.09934411292333356,0.07017022118795085
193,2,0.4406095829983816,0.4704416116390255,0.5075901330378361,0.06698055003945447,0.037148521398810586
193,3,0.4470095727326663,0.4712710094009485,0.501576092894078,0.054566520161411725,0.030305083493129492
193,4,0.44722678274307615,0.4705803431393654,0.46759480518896585,0.0203680224458897,-0.002985537950399575
193,5,0.43542236919227706,0.46649671487563565,0.5189478819994986,0.08352551280722154,0.05245116712386294
2029,1,0.4150306211174977,0.4382994136637152,0.49047198212846155,0.07544136101096383,0.05217256846474633
2029,2,0.42368935118305145,0.4446425461187928,0.49821396981125604,0.07452461862820459,0.05357142369246326
2029,3,0.4524592260037965,0.4824952581340799,0.5199950366758375,0.06753581067204095,0.03749977854175757
2029,4,0.46638502139008353,0.5013736796144702,0.5041871031868032,0.03780208179671962,0.0028134235723329404
2029,5,0.45319052035410334,0.4818982169107914,0.5019936942275438,0.048803173873440464,0.02009547731675243
